Workbook

Sheet Dataset
A1: Product ID | B1: Product Name | C1: Brand Name | D1: Price ($) | E1: Quantity | F1: Category
A2: 28-JAN-US | B2: Laptop | C2: Dell | D2: 1000 | E2: 30 | F2: Electronics
A3: 15-FEB-US | B3: Sneakers | C3: Nike | D3: 80 | E3: 15 | F3: Fashion
A4: 03-MAR-US | B4: Coffee Maker | C4: Keurig | D4: 130 | E4: 40 | F4: Kitchen
A5: 11-APR-US | B5: Smartphone | C5: Samsung | D5: 900 | E5: 25 | F5: Electronics
A6: 22-MAY-US | B6: Backpack | C6: North Face | D6: 70 | E6: 20 | F6: Outdoor
A7: 07-JUN-UK | B7: Headphones | C7: Sony | D7: 200 | E7: 45 | F7: Electronics
A8: 19-JUL-UK | B8: T-shirt | C8: Adidas | D8: 30 | E8: 5 | F8: Fashion
A9: 23-AUG-UK | B9: Blender | C9: Ninja | D9: 90 | E9: 35 | F9: Kitchen
A10: 05-SEP-UK | B10: Tablet | C10: Apple | D10: 500 | E10: 50 | F10: Electronics
A11: 14-OCT-UK | B11: Hiking Boots | C11: Timberland | D11: 130 | E11: 10 | F11: Outdoor
A12: 17-JUN-IN | B12: Laptop | C12: HP | D12: 950 | E12: 25 | F12: Electronics
A13: 25-NOV-AU | B13: Sneakers | C13: Adidas | D13: 90 | E13: 40 | F13: Fashion
... A35: 09-JUL-FR | B35: Watch | C35: Casio | D35: 100 | E35: 20 | F35: Accessories

Sheet data cleaning
A1: Column1 | B1: Product Name | C1: Brand Name | D1: Price ($) | E1: Quantity | F1: Category | G1: missing values | H1: manufacturing date | I1: country code | J1: product brand | L1: data bar | M1: custom rule
A2: 28-JAN-US | B2: Laptop | C2: Dell | D2: 1000 | E2: 30 | F2: Electronics | G2: =COUNTBLANK('data cleaning'!$G$2:$G$32) -> 0 | H2: =LEFT(A2,2) -> 28 | I2: =RIGHT(A2,2) -> US | J2: =CONCATENATE(B2,C2) -> LaptopDell | L2: 1000 | M2: Electronics
A3: 15-FEB-US | B3: Sneakers | C3: Nike | D3: 80 | E3: 15 | F3: Fashion | G3: =COUNTBLANK('data cleaning'!$G$2:$G$32) -> 0 | H3: =LEFT(A3,2) -> 15 | I3: =RIGHT(A3,2) -> US | J3: =CONCATENATE(B3,C3) -> SneakersNike | L3: 80 | M3: Fashion
A4: 03-MAR-US | B4: Coffee Maker | C4: Keurig | D4: 130 | E4: 40 | F4: Kitchen | G4: =COUNTBLANK('data cleaning'!$G$2:$G$32) -> 0 | H4: =LEFT(A4,2) -> 03 | I4: =RIGHT(A4,2) -> US | J4: =CONCATENATE(B4,C4) -> Coffee MakerKeurig | L4: 130 | M4: Kitchen
A5: 11-APR-US | B5: Smartphone | C5: Samsung | D5: 900 | E5: 25 | F5: Electronics | G5: =COUNTBLANK('data cleaning'!$G$2:$G$32) -> 0 | H5: =LEFT(A5,2) -> 11 | I5: =RIGHT(A5,2) -> US | J5: =CONCATENATE(B5,C5) -> SmartphoneSamsung | L5: 900 | M5: Electronics
A6: 22-MAY-US | B6: Backpack | C6: North Face | D6: 70 | E6: 20 | F6: Outdoor | G6: =COUNTBLANK('data cleaning'!$G$2:$G$32) -> 0 | H6: =LEFT(A6,2) -> 22 | I6: =RIGHT(A6,2) -> US | J6: =CONCATENATE(B6,C6) -> BackpackNorth Face | L6: 70 | M6: Outdoor
A7: 07-JUN-UK | B7: Headphones | C7: Sony | D7: 200 | E7: 45 | F7: Electronics | G7: =COUNTBLANK('data cleaning'!$G$2:$G$32) -> 0 | H7: =LEFT(A7,2) -> 07 | I7: =RIGHT(A7,2) -> UK | J7: =CONCATENATE(B7,C7) -> HeadphonesSony | L7: 200 | M7: Electronics
A8: 19-JUL-UK | B8: T-shirt | C8: Adidas | D8: 30 | E8: 5 | F8: Fashion | G8: =COUNTBLANK('data cleaning'!$G$2:$G$32) -> 0 | H8: =LEFT(A8,2) -> 19 | I8: =RIGHT(A8,2) -> UK | J8: =CONCATENATE(B8,C8) -> T-shirtAdidas | L8: 30 | M8: Fashion
A9: 23-AUG-UK | B9: Blender | C9: Ninja | D9: 90 | E9: 35 | F9: Kitchen | G9: =COUNTBLANK('data cleaning'!$G$2:$G$32) -> 0 | H9: =LEFT(A9,2) -> 23 | I9: =RIGHT(A9,2) -> UK | J9: =CONCATENATE(B9,C9) -> BlenderNinja | L9: 90 | M9: Kitchen
A10: 05-SEP-UK | B10: Tablet | C10: Apple | D10: 500 | E10: 50 | F10: Electronics | G10: =COUNTBLANK('data cleaning'!$G$2:$G$32) -> 0 | H10: =LEFT(A10,2) -> 05 | I10: =RIGHT(A10,2) -> UK | J10: =CONCATENATE(B10,C10) -> TabletApple | L10: 500 | M10: Electronics
A11: 14-OCT-UK | B11: Hiking Boots | C11: Timberland | D11: 130 | E11: 10 | F11: Outdoor | G11: =COUNTBLANK('data cleaning'!$G$2:$G$32) -> 0 | H11: =LEFT(A11,2) -> 14 | I11: =RIGHT(A11,2) -> UK | J11: =CONCATENATE(B11,C11) -> Hiking BootsTimberland | L11: 130 | M11: Outdoor
A12: 17-JUN-IN | B12: Laptop | C12: HP | D12: 950 | E12: 25 | F12: Electronics | G12: =COUNTBLANK('data cleaning'!$G$2:$G$32) -> 0 | H12: =LEFT(A12,2) -> 17 | I12: =RIGHT(A12,2) -> IN | J12: =CONCATENATE(B12,C12) -> LaptopHP | L12: 950 | M12: Electronics
A13: 25-NOV-AU | B13: Sneakers | C13: Adidas | D13: 90 | E13: 40 | F13: Fashion | G13: =COUNTBLANK('data cleaning'!$G$2:$G$32) -> 0 | H13: =LEFT(A13,2) -> 25 | I13: =RIGHT(A13,2) -> AU | J13: =CONCATENATE(B13,C13) -> SneakersAdidas | L13: 90 | M13: Fashion
... A32: 09-JUL-FR | B32: Watch | C32: Casio | D32: 100 | E32: 20 | F32: Accessories | G32: =COUNTBLANK('data cleaning'!$G$2:$G$32) -> 0 | H32: =LEFT(A32,2) -> 09 | I32: =RIGHT(A32,2) -> FR | J32: =CONCATENATE(B32,C32) -> WatchCasio | L32: 130 | M32: Electronics
L33: 50 | M33: Fashion
L34: 950 | M34: Electronics
L35: 100 | M35: Accessories

Sheet Observation
A1: OBSERVATIONS
A3: S.NO | B3: TASK | C3: RESULT
A4: 1 | B4: handling missing values | C4: there is no missing values in the price column. We can use countblank function for counting the missing values.
C5: we can use averageif function for finding price of the product of missing price.
C6: we have to use dollor symbolor press F4 key for each and every cell for for freezing the column.
A8: 2 | B8: correcting inconsistent data | C8: use trim function for removing extra spaces.
B9: typos | C9: use clean function for removing non printable characters.
B10: find and replace | C10: the standardized text format are in proper. If there is any spelling mistakes and mismatching values use ctrl H for find and replace the text.
A12: 3 | B12: removing duplicates | C12: go to data tab ansd select the remove duplicate tab and select the column which we want and click ok .
A14: 4 | B14: spiliting and merging data | C14: using left and right function I spilt the column into two varient.
A16: 5 | B16: number formatting | C16: for currency format select the cell range and in number ribbon go to general and press currency
A18: 6 | B18: data bar | C18: select the wanted cell range and go to conditional formating and select data bar
B19: custom rule | C19: select the wanted cell range and go to conditional formating and select highlight cell rule and go to text that contain and click ok electronics will be highlighted
